Period,Base_Return (%),Base_CAGR (%),Base_Sharpe,Base_MaxDD (%),Opt_Return (%),Opt_CAGR (%),Opt_Sharpe,Opt_MaxDD (%)
Train 2022-2024,74.22645851460192,21.253002239159493,2.1635059525940634,-8.691372886014,49.52105250145706,14.984813075228342,2.2015754086700468,-3.7350892087696153
Test  2025-2026,31.084181621611663,27.03962443180492,2.756708725611121,-5.1989503538676995,26.861700679586708,23.41442995385341,3.023606515282735,-2.8683131043625925
Full  2022-2026,128.38332731218273,22.857034293922894,2.327714930541416,-8.691372886014,89.68495007736612,17.301067060346288,2.44662647013216,-3.7350892087696153
