Portfolio,Total Return,CAGR,Volatility,Sharpe,Max Drawdown,mdd_raw,ret_raw
Valuation+Trend Strategy,18.14%,8.76%,6.26%,1.41,-4.56%,-0.04563233397240604,0.18137609445644487
HS300 Buy & Hold,-6.33%,-3.24%,31.94%,0.01,-46.70%,-0.4669625064100902,-0.0632859507584912
ZZ500 Buy & Hold,17.68%,8.55%,38.23%,0.39,-54.35%,-0.5434540572619068,0.17676986542708795
Static 50/50,3.49%,1.74%,33.90%,0.22,-50.31%,-0.5030537956164005,0.03492339793712396
