Portfolio,Total Return,CAGR,Volatility,Sharpe,Max Drawdown,final_nav_raw,cagr_raw,vol_raw,sharpe_raw,max_dd_raw
Strategy (Pure Multi-Factor),57.04%,11.91%,18.29%,0.71,-28.04%,1570407.4162444097,0.11907108559015711,0.18286809648198862,0.7079631457096062,-0.280363002811965
Strategy (Options Wind-Control),43.33%,9.39%,16.88%,0.62,-28.28%,1433329.5340698462,0.09388213273854751,0.16877958857177772,0.6172822735169105,-0.28275884227596687
Benchmark (Market Equal-Weight),46.98%,10.08%,21.68%,0.54,-29.97%,1469846.1149882553,0.10076313967424011,0.21680497499698403,0.5377169967515644,-0.2997265372169031
