{
  "1d: th=0.5 pos=3 no-sl | train_2022_2024": {
    "cagr": 0.04424730506002117,
    "sharpe": 0.29830626391322096,
    "max_dd": -0.48279074078584905,
    "total_return": 0.1328478735550298,
    "win_rate_days": 0.5082644628099173,
    "monthly_win_rate": 0.5555555555555556,
    "n_days": 726,
    "n_months": 36,
    "label": "1d: th=0.5 pos=3 no-sl",
    "period": "train_2022_2024",
    "threshold": 0.5,
    "max_pos": 3,
    "stop_loss": 0.0
  },
  "1d: th=0.5 pos=3 no-sl | test_2025_2026": {
    "cagr": 0.8990403748570368,
    "sharpe": 3.1626234077254316,
    "max_dd": -0.109645123239847,
    "total_return": 1.0654225518044358,
    "win_rate_days": 0.512280701754386,
    "monthly_win_rate": 0.8,
    "n_days": 285,
    "n_months": 15,
    "label": "1d: th=0.5 pos=3 no-sl",
    "period": "test_2025_2026",
    "threshold": 0.5,
    "max_pos": 3,
    "stop_loss": 0.0
  },
  "1d: th=0.5 pos=3 no-sl | full_2022_2026": {
    "cagr": 0.2360079220759146,
    "sharpe": 0.9957339817662714,
    "max_dd": -0.48279074078584905,
    "total_return": 1.339809545804262,
    "win_rate_days": 0.5093966369930761,
    "monthly_win_rate": 0.6274509803921569,
    "n_days": 1011,
    "n_months": 51,
    "label": "1d: th=0.5 pos=3 no-sl",
    "period": "full_2022_2026",
    "threshold": 0.5,
    "max_pos": 3,
    "stop_loss": 0.0
  },
  "1d: th=0.55 pos=3 no-sl | train_2022_2024": {
    "cagr": 0.08880679298090599,
    "sharpe": 0.4928898569055975,
    "max_dd": -0.4051576157747387,
    "total_return": 0.27777256109420123,
    "win_rate_days": 0.43526170798898073,
    "monthly_win_rate": 0.6388888888888888,
    "n_days": 726,
    "n_months": 36,
    "label": "1d: th=0.55 pos=3 no-sl",
    "period": "train_2022_2024",
    "threshold": 0.55,
    "max_pos": 3,
    "stop_loss": 0.0
  },
  "1d: th=0.55 pos=3 no-sl | test_2025_2026": {
    "cagr": 0.882351824064175,
    "sharpe": 3.28426249106684,
    "max_dd": -0.0704588825258859,
    "total_return": 1.0449068178951841,
    "win_rate_days": 0.5017543859649123,
    "monthly_win_rate": 0.8666666666666667,
    "n_days": 285,
    "n_months": 15,
    "label": "1d: th=0.55 pos=3 no-sl",
    "period": "test_2025_2026",
    "threshold": 0.55,
    "max_pos": 3,
    "stop_loss": 0.0
  },
  "1d: th=0.55 pos=3 no-sl | full_2022_2026": {
    "cagr": 0.27049315259638607,
    "sharpe": 1.2102750873691461,
    "max_dd": -0.4051576157747387,
    "total_return": 1.6129258219009226,
    "win_rate_days": 0.4540059347181009,
    "monthly_win_rate": 0.7058823529411765,
    "n_days": 1011,
    "n_months": 51,
    "label": "1d: th=0.55 pos=3 no-sl",
    "period": "full_2022_2026",
    "threshold": 0.55,
    "max_pos": 3,
    "stop_loss": 0.0
  },
  "1d: th=0.6 pos=3 no-sl | train_2022_2024": {
    "cagr": 0.07174436673334483,
    "sharpe": 0.4612549293689132,
    "max_dd": -0.38090074883800595,
    "total_return": 0.22093162057016968,
    "win_rate_days": 0.32231404958677684,
    "monthly_win_rate": 0.5555555555555556,
    "n_days": 726,
    "n_months": 36,
    "label": "1d: th=0.6 pos=3 no-sl",
    "period": "train_2022_2024",
    "threshold": 0.6,
    "max_pos": 3,
    "stop_loss": 0.0
  },
  "1d: th=0.6 pos=3 no-sl | test_2025_2026": {
    "cagr": 0.606406435534961,
    "sharpe": 2.889893577548636,
    "max_dd": -0.08572627327343213,
    "total_return": 0.7092779678225427,
    "win_rate_days": 0.39649122807017545,
    "monthly_win_rate": 0.7333333333333333,
    "n_days": 285,
    "n_months": 15,
    "label": "1d: th=0.6 pos=3 no-sl",
    "period": "test_2025_2026",
    "threshold": 0.6,
    "max_pos": 3,
    "stop_loss": 0.0
  },
  "1d: th=0.6 pos=3 no-sl | full_2022_2026": {
    "cagr": 0.2012654552676445,
    "sharpe": 1.0879458841597047,
    "max_dd": -0.38090074883800595,
    "total_return": 1.0869115192584604,
    "win_rate_days": 0.34322453016815035,
    "monthly_win_rate": 0.6078431372549019,
    "n_days": 1011,
    "n_months": 51,
    "label": "1d: th=0.6 pos=3 no-sl",
    "period": "full_2022_2026",
    "threshold": 0.6,
    "max_pos": 3,
    "stop_loss": 0.0
  },
  "1d: th=0.5 pos=5 no-sl | train_2022_2024": {
    "cagr": 0.06205124204813117,
    "sharpe": 0.3746948472403306,
    "max_dd": -0.3492162037500197,
    "total_return": 0.18938883511495685,
    "win_rate_days": 0.5234159779614325,
    "monthly_win_rate": 0.5833333333333334,
    "n_days": 726,
    "n_months": 36,
    "label": "1d: th=0.5 pos=5 no-sl",
    "period": "train_2022_2024",
    "threshold": 0.5,
    "max_pos": 5,
    "stop_loss": 0.0
  },
  "1d: th=0.5 pos=5 no-sl | test_2025_2026": {
    "cagr": 0.4898737918676985,
    "sharpe": 2.300336257300978,
    "max_dd": -0.11358504000821813,
    "total_return": 0.5697258757981605,
    "win_rate_days": 0.5614035087719298,
    "monthly_win_rate": 0.8,
    "n_days": 285,
    "n_months": 15,
    "label": "1d: th=0.5 pos=5 no-sl",
    "period": "test_2025_2026",
    "threshold": 0.5,
    "max_pos": 5,
    "stop_loss": 0.0
  },
  "1d: th=0.5 pos=5 no-sl | full_2022_2026": {
    "cagr": 0.16838445604054741,
    "sharpe": 0.8164018653236909,
    "max_dd": -0.3492162037500197,
    "total_return": 0.8670144308653769,
    "win_rate_days": 0.5341246290801187,
    "monthly_win_rate": 0.6470588235294118,
    "n_days": 1011,
    "n_months": 51,
    "label": "1d: th=0.5 pos=5 no-sl",
    "period": "full_2022_2026",
    "threshold": 0.5,
    "max_pos": 5,
    "stop_loss": 0.0
  },
  "1d: th=0.55 pos=5 no-sl | train_2022_2024": {
    "cagr": 0.048070275886163305,
    "sharpe": 0.3371976149880416,
    "max_dd": -0.33377162599079385,
    "total_return": 0.1448373338216007,
    "win_rate_days": 0.45454545454545453,
    "monthly_win_rate": 0.5833333333333334,
    "n_days": 726,
    "n_months": 36,
    "label": "1d: th=0.55 pos=5 no-sl",
    "period": "train_2022_2024",
    "threshold": 0.55,
    "max_pos": 5,
    "stop_loss": 0.0
  },
  "1d: th=0.55 pos=5 no-sl | test_2025_2026": {
    "cagr": 0.5559621724717991,
    "sharpe": 2.8375286374471473,
    "max_dd": -0.06368101234727723,
    "total_return": 0.648700483153617,
    "win_rate_days": 0.5298245614035088,
    "monthly_win_rate": 0.8,
    "n_days": 285,
    "n_months": 15,
    "label": "1d: th=0.55 pos=5 no-sl",
    "period": "test_2025_2026",
    "threshold": 0.55,
    "max_pos": 5,
    "stop_loss": 0.0
  },
  "1d: th=0.55 pos=5 no-sl | full_2022_2026": {
    "cagr": 0.17156590501424263,
    "sharpe": 0.9367930427233856,
    "max_dd": -0.33377162599079385,
    "total_return": 0.887493865403973,
    "win_rate_days": 0.47576656775469833,
    "monthly_win_rate": 0.6470588235294118,
    "n_days": 1011,
    "n_months": 51,
    "label": "1d: th=0.55 pos=5 no-sl",
    "period": "full_2022_2026",
    "threshold": 0.55,
    "max_pos": 5,
    "stop_loss": 0.0
  },
  "1d: th=0.6 pos=5 no-sl | train_2022_2024": {
    "cagr": 0.019350490961329347,
    "sharpe": 0.19939422984943087,
    "max_dd": -0.3067840941357486,
    "total_return": 0.05676814152582188,
    "win_rate_days": 0.3305785123966942,
    "monthly_win_rate": 0.5555555555555556,
    "n_days": 726,
    "n_months": 36,
    "label": "1d: th=0.6 pos=5 no-sl",
    "period": "train_2022_2024",
    "threshold": 0.6,
    "max_pos": 5,
    "stop_loss": 0.0
  },
  "1d: th=0.6 pos=5 no-sl | test_2025_2026": {
    "cagr": 0.4066405812217426,
    "sharpe": 2.609531596382847,
    "max_dd": -0.06374378662930993,
    "total_return": 0.4709166970718317,
    "win_rate_days": 0.40350877192982454,
    "monthly_win_rate": 0.6666666666666666,
    "n_days": 285,
    "n_months": 15,
    "label": "1d: th=0.6 pos=5 no-sl",
    "period": "test_2025_2026",
    "threshold": 0.6,
    "max_pos": 5,
    "stop_loss": 0.0
  },
  "1d: th=0.6 pos=5 no-sl | full_2022_2026": {
    "cagr": 0.11622009025710978,
    "sharpe": 0.7783699730641467,
    "max_dd": -0.3067840941357486,
    "total_return": 0.5544179043038995,
    "win_rate_days": 0.35113748763600394,
    "monthly_win_rate": 0.5882352941176471,
    "n_days": 1011,
    "n_months": 51,
    "label": "1d: th=0.6 pos=5 no-sl",