Portfolio,Total Return,CAGR,Volatility,Sharpe,Max Drawdown,final_nav_raw,cagr_raw,vol_raw,sharpe_raw,max_dd_raw
Strategy (Pure Multi-Factor),95.57%,58.90%,21.06%,2.31,-13.78%,1955692.0537469315,0.5889749023063333,0.21061386063340382,2.312128056689497,-0.13776624792192005
Strategy (Options Wind-Control),67.35%,42.69%,20.10%,1.88,-13.78%,1673466.8840056825,0.4268808587146786,0.20099511586692204,1.8752761443261245,-0.13776624792192005
Benchmark (Market Equal-Weight),87.09%,54.11%,22.12%,2.11,-15.01%,1870941.5268727173,0.541108989038037,0.22119016303776584,2.114208724219482,-0.1501256536300569
Benchmark (CSI 1000 Index),84.52%,52.65%,27.51%,1.68,-16.87%,1845228.532062219,0.5264547933302692,0.27508467932355385,1.680389566972202,-0.16870772600903247
