Portfolio,Total Return,CAGR,Volatility,Sharpe,Max Drawdown,final_nav_raw,cagr_raw,vol_raw,sharpe_raw,max_dd_raw
Strategy (Pure Multi-Factor),85.93%,53.45%,22.75%,2.00,-13.88%,1859299.160669818,0.5344816171561744,0.22748405309961772,2.002922858097895,-0.1388429428809257
Strategy (Options Wind-Control),66.35%,42.10%,21.95%,1.72,-14.39%,1663542.0309264795,0.4210329322254349,0.2195263300560824,1.7160995038369715,-0.14392371776196722
Benchmark (Market Equal-Weight),87.09%,54.11%,22.12%,2.11,-15.01%,1870941.5268727173,0.541108989038037,0.22119016303776584,2.114208724219482,-0.1501256536300569
Benchmark (CSI 1000 Index),84.52%,52.65%,27.51%,1.68,-16.87%,1845228.532062219,0.5264547933302692,0.27508467932355385,1.680389566972202,-0.16870772600903247
